nome_completo;cpf;data_nascimento;genero;email;telefone;endereco;cidade;estado;cep;peso;altura;historico_medico
Ana Clara de Castro Lira;520.967.648-07;2010-06-21;feminino;lira.sheila@yahoo.com;11 98020-7728;Rua Luiz Gama, N°251 AP 6;Santos;SP;11015-150;129;157;
Ana Júlia Bezerra Ferreira;534.915.258-02;2017-09-14;feminino;angelabezerra823@gmail.com;11 94373-1954;Rua Antônio Gonçalves dos Santos, 445;Mogi das Cruzes ;SP;08740490;65;;Autismo nível 3 de suporte e hiperatividade agressiva. 
Ana Luiza Moreira Jesus Costa;198.757.597-08;2017-03-23;feminino;analumjc@gmail.com;+55 27 99852-8537;Avenida Espírito Santo, 40, D QD. 11 - Marcílio de Noronha;Viana;ES;29135-508;21;120;
Ana Paula Valério;279.231.038-36;1978-08-24;feminino;Anna.p.valerio@gmail.com;12 98225-4097;AV. ITAPARK, 2941 – AP 56 A - MAUÁ - SP;Mauá;SP;09350-000;75;162;Fibromialgia
Analu Souza Ramos;590.955.748-30;2021-01-19;feminino;kazudinhasouzaa@gmail.com;(11) 99480-5814;Rua José Diogo Abadiano, 173;São Paulo;SP;04855-440;32;122;TEA
André Laragnoit Fernandez;316.075.718-89;1984-09-20;masculino;fernandezandrei84@gmail.com;(15) 991948715;Rua Sampaio Marques, 92 - Pajuçara ;Maceió;AL;57030-107;72;165;
Anna Beatriz Zuqui de Almeida Barcelos;192.880.417-96;2016-03-16;feminino;zuqui11@hotmail.com;(27) 99996-0181;Rua do Perdao, 13;Cariacica;ES;29145-422;20;120;Paralisia Cerebral (CID G80) e Epilepsia (CID G40)
Anthony Cezini Lacerda Batista;221.221.127-94;2020-04-05;masculino;danicezini@hotmail.com;+55 27 99930-0506;Av. Leitao da Silva 1491 Itararé;Vitória;ES;29047-575;14;106;Paralisia Cerebral e TEA
Anthony Gabriel Gobbo de Almeida;551.705.778-00;2018-06-04;masculino;gobbotatiana10@gmail.com;11 932942241;Rua Plinio Gobo, N°48 - Vila Helena;Suzano;SP;08655-400;23;113;TEA
Antoniele Ambrosio dos Santos;079.843.497-03;1978-03-28;feminino;simplismenteniely@gmail.com;+55 27 99768-6370;Rua Teolândia, 42B-Quadra112;Vila Velha;ES;29111-625;;;
Antony Wallace Santos Rosa;529.286.488-95;2017-05-04;masculino;leilawallace@hotmail.com;(11) 99360-9958;Rua violeta número 9 - Iguatemi;São Paulo;SP;08373-600;;;
Arthur Barreto da Fonseca Pequeno;499.463.358-40;2014-04-10;masculino;daniefbarreto@gmail.com;11 96394-0664;Rua Santo Aniceto, 115;São Paulo;SP;03560-120;80;171;TEA, TDAH, Hiperatividade
Arthur Miguel Martins Campos;180.195.087-32;2013-06-03;masculino;gleidesmdacosta@gmail.com;+55 27 99763-8619;Rua_Santa Lucia 67 - Bairro _Das Laranjeiras (Jacaraípe);Serra;ES;29175-574;43;156;"Paralesia espástica (cid10:G82.2) 
Epilepsia focal (cid10:G40.1) autismo (cid10:F84.0)"
Benício do Nascimento Silva;580.375.118-98;2019-12-17;masculino;alecina_santos@yahoo.com.br;11 97194-6639;rua Dinah Gonçalves Brandão 198 ap 41 B;São Paulo;SP;08470-820;24;110;
Benjamin da Vitória Loyola;221.129.637-83;2020-03-31;masculino;frank.kako@hotmail.com;(27) 99820-1842;Rua Josias furtado, 66;Cariacica;ES;29154-080;21;120;
Bianca Christ;117.480.999-06;2019-04-14;feminino;franci_2019@hotmail.com;46 9934-5212;Lin S Valentim - S/N - Zona Rural;Dois Vizinho;PR;85660-000;32;150;Síndrome de doose
Bryan Azeredo Pereira;162.040.017-01;2008-12-14;masculino;azeredoluciana583@gmail.com;(27)997607835;Rua Orlando Caliman, 65 Edf Antigua Apt 101;Vitória;ES;29090-220;72;169;Autismo Severo
Camila Garcia Romani;296.032.978-36;1980-09-20;feminino;camila.romani@gmail.com;(11)976879905;R. Artur Prado, 275 - 143 a - Bela Vista;São Paulo;SP;01322-000;64;168;Tumor intramedular infiltrativo torácica / CID11: D 33.4 NEOPLASIA BENIGNA DA MEDULA ESPINAL
Carlos Daniel Veríssimo Souza;145.690.237-70;2006-12-08;masculino;rosyverissimoes@gmail.com;+55 27 99203-9160;Rua Pernambuco, 02 - ARLINDO VILLASCHI;Viana;ES;29136-252;58;178;Autista suporte nível 3, Epilepsia de difícil controle e déficit cognitivo grave.
Cecilia Helena Fonseca;294.833.898-01;1980-07-24;feminino;cicihelena@icloud.com;11 99675-0917;Travessa Jornalista Francisco Peres, 2 - Cresciuma - Caieras;Caieiras;SP;07700-090;;;
Clara Lopes de Oliveira;084.509.548-00;;feminino;oliveira.alexandrelopes@gmail.com;(11) 94993-8520;rua Piacatu, 205 - vila Santa Teresinha;São Paulo;SP;08247-110;;;
Daniel Azeredo de Souza;222.082.337-78;2020-05-30;masculino;azeredo28@gmail.com;27 99296 7573;Rua Floristiano Azeredo, Nº140;Aracruz;ES;29197-559;;;
Daniel Guilherme Nascimento;514.773.898-30;2012-05-08;masculino;sandrarnascimento08@gmail.com;+55 11 97120-7748;R EUROTILDES GUIMARÃES 55 - VILA REI;Mogi das Cruzes;SP;08717-850;;;
Danilo Astorino Gomes Carvalhaes;536.159.958-13;2012-09-30;masculino;kastorino.carvalhaes@gmail.com;11 95361-2605;Praça Dr. Arlindo Aquino de Oliveira, 45 - apto 22 - Centro - Mogi das Cruzes/SP;Mogi das Cruzes;SP;08715-170;;;
Davi Almeida Gomes;553.555.598-32;2012-12-19;masculino;pgomes2612@gmail.com;11 99220-8016;Rua Eduardo Vieira de Melo, 90 - apto. 5;São Paulo;SP;02873-550;54;164;Epilepsia de Difícil Controle CID G40
Davi Galdino Fagundes de Azevedo;157.995.047-71;2012-10-30;masculino;robertagaldino19@gmail.com;+55 27 98849-9700;Rua Manoel Pinto Araújo, 10, São Cristóvão;Vitória;ES;29048-465;23;133;"Sindrome DUP15Q 
Autismo 
Deficiência Intelectual 
Eplepsia refratária"
Davi Lucca Garcia Paulino Borges;522.837.508-22;2017-01-13;masculino;lucianadavi270713@gmail.com;+55 11 98260-5834;Rua Alcides Pezzolito, N°70 - Jardim Casa Branca;Suzano;SP;08653-000;;;
Davi Miguel Demócritos dos Santos;507.662.688-61;2015-08-06;masculino;;11 94944-6431;Rua: Francisco Nogueira Silva 22;São Paulo;SP;05864-060;18;;Paralisia cerebral G80
Davi Palaro Brandoli;578.560.348-90;2019-10-24;masculino;ft.patricia.palaro@gmail.com;+55 11 97108-1412;Sítio São Francisco. Bairro Vargem;Pinhalzinho;SP;12950-000;20;112;Hidrocefalia e Epilepsia de difícil controle (G40)
Davi Pereira Gripp de Almeida;551.120.878-70;2018-05-22;masculino;bruno.gripp74@gmail.com;55 11 97775-1117;Av. José Velho Barreto, 109, casa 2;São Paulo;SP;03968-080;33;130;
Davi Soares Valotto;151.539.887-08;2009-12-04;masculino;luceliabonaldi@gmail.com;27 99887-5903;Rua Tadorna, 16, qd 158 - Novo Horizonte - Serra/ES;Serra;ES;29163-318;45;153;Encefalopatia Crônica não progressiva e Epilepsia focal
Dhenyel Rubio Schiavi de Oliveira Santos;519.100.948-70;2005-09-17;masculino;leticia.oiaeu@gmail.com;+55 11 95747-0935;Rua Geraldo Neves de Souza 342 - Cidade Boa Vista;Suzano;SP;08693-520;70;170;
Eliezer Candido Santos;371.637.388-54;;masculino;prado.cintia@gmail.com;(11) 97141-7748;Rua Eusébio de Queirós, 201;São Paulo;SP;11015-270;64;165;Alzheimer
Ellen Severino Secchin;218.987.357-60;2019-10-30;feminino;nandasevi@gmail.com;27 99953-9011;Rua Um, 135 - Casa Santa Mônica - Vila Velha/ES;Vila Velha;ES;29105-210;17;108;
Enzo Gabriel Alves de Sales;177.331.496-30;2019-03-23;masculino;fernandanovorumo@hotmail.com;(31) 9356-9148;Rua Deputado Raimundo Albergaria, 61 cx 2, Belo Horizonte;Belo Horizonte;MG;31744-380;26;;Transtorno Espectro Autista suporte nível 2, Transtorno Opositivo Desafiador ( TOD) e Epilepsia.
Ester Lira Martins;483.817.588-40;2002-01-19;feminino;lira.sheila@yahoo.com;11 98020-7728;Rua São Gabriel, 53 - Sítio Pae-Cará (Vicente de Carvalho);Guarujá;SP;11463-320;97;165;
EVELYN PEREIRA BATISTA;135.302.346-05;2011-07-14;feminino;marinacandida1961@gmail.com;+55 35 9807-7645;Rua Jarbas Pimenta n 380;Boa Esperança;MG;37170-000;51;160;
Felipe de Sant'ana Dantas;554.078.918-08;2018-07-18;masculino;jessicaaparecidadesatana05@gmail.com;13 98872-7736;R ALLAN KARDEC, 175 - AP 21 BL I - PQ ENSEADA;Guarujá;SP;11400-000;32;;
Gabriel Arboleda Ventura;576.625.588-86;2019-08-30;masculino;renatamateos202@gmail.com;+55 11 99908-4637;RUA JULIO DE CASTILHOS PINTO PACCA 130;Mogi das Cruzes;SP;08717-560;41;115;
Gabriel José Trindade Santos;482.317.058-05;2014-01-18;masculino;anjogabrielamanda2017@gmail.com;(16) 99108-1041;Rua Pedro Marzola, 1055 FT, Parque Ribeirão Preto;Ribeirão Preto;SP;14031-140;25;127;Paralisia cerebral (G80) / Paralisia Cerebral GMFCS Nível V. epilepsia de dificil controle (G40.5)
Gabriel Kaique Ribeiro Jacob;541.711.338-74;2015-08-23;masculino;esterjacobb@gmail.com;+55 11 98106-6405;rua Murucupi 12 A Bairro Jardim Marília;São Paulo;SP;03579-010;;;
Gabriel Sampaio Oliveira;328.437.818-92;2002-03-14;outro;sampaioedinelia81@gmail.com;11 95731-8513;Rua Taubaté, 66, casa 01;Mauá;SP;09381-260;;;
Gabriel Valério de Souza;216.275.057-09;2019-05-18;masculino;;27 988435108;RUA REGENCIA, 40, CASAFUNDOS, RIO MARINHO;Vila Velha;ES;29112-640;38;;Transtorno do Espectro Autista (TEA) nível de suporte 3 (severo).
Gabriel Vasconcellos Quintas do Paço;133.413.427-88;1987-07-10;masculino;robertodopaco@gmail.com;21 99186-0476;Rua Honestino Guimarães 70, Recreio dos Bandeirantes;Rio de Janeiro;RJ;22790-860;60;168;Epilepsia de dificil controle/Sindrome de Sturge-weber
Gabrielle Cristina Gomes Silveira; 00438410157;1997-01-19;feminino;;64 9247-3482; Rua Honório Leão, Qd 43, Lt. 02 – Apt. 03, Setor Morada do Sol;Rio Verde ;GO; 75909-070;58;;Fibromialgia 
Gilberlan Vitor Chaves de Azevedo;093.955.593-06;2018-01-13;masculino;raullianea@gmail.com;99 8490-0146;Rua Padre Gerosa, 982, Centro.;Caxias;MA;65602-080;22;118;
Gleisson Felix;308.358.648-55;1983-02-25;masculino;gleissonfelix@hotmail.com;+55 11 97355-6070;Av do Paiol, 6236 - Jardim Cambiri;Ferraz de Vasconcelos;SP;08515-400;109;171;Epilepsia
Guilherme Coelho de Oliveira;179.554.227-67;2013-03-07;masculino;miriancoelho35@gmail.com;+55 27 99993-0524;Rua Theologo Barbosa, 33 - Bairro Campo Verde;Cariacica;ES;29155-819;30;147;
Gustavo Silva dos Anjos;252.404.758-06;2010-05-22;masculino;rosalugug@gmail.com;(11) 96909-3528;RUA JOAO GASPAR,855 - COMPL.C/1 - JD S LUIS - SAO PAULO;São Paulo;SP;5643290;62;171;Transtorno do espectro autista (TEA).
Heitor de Oliveira Raider;207.697.917-43;2018-04-28;masculino;eliane.raider@edu.cariacica.es.gov.br;(27) 99708 - 3981;Rua Ceará, 445. Bairro Jardim Campo Grande - Cariacica/ES;Cariacica;ES;29141-411;24;115;Microcefalia por zika virus e epilepsia de difícil controle
Helena Vitória Farias Augusto;195.098.777-94;2016-09-17;feminino;glaucilenefarias10@gmail.com;(27) 98886-2762;R ARARAS 331, AND 2 - São Conrado;Cariacica;ES;29141-183;;;
Heloisa Vitória Conceição Campos;184.157.127-07;2013-04-16;feminino;heloisa.vitoria.2013@hotmail.com;+55 27 99838-0828;Rua Delfim moreira, 14 B - Residencial Jacaraípe;Serra;ES;29175-433;;;
Henrique Gomes;142.688.289-07;2018-06-14;masculino;alangomes81@hotmail.com;+55 42 99935-5388;Rua André Lubi, 651;Porto União;SC;89400-000;;;
Henrique Lisboa Benincá Ferreira;231.072.307-07;2013-12-19;masculino;aninhalisbeiro@yahoo.com.br;+55 27 99971-8163;Rua José Pereira, n 21, Ibes;Vila Velha;ES;29108-780;58;160;
Hugo Monteiro Caixeta;704.398.736-90;2017-04-19;masculino;elinacandidonju@gmail.com;(35) 91017-1982;Av Antônio Frederico ozanan,395 JARDIM SION - Varginha;Varginha;MG;37044-480;;;
Igor Alexsander Gonçalves Amorim;108.795.124-07;1994-06-19;masculino;assessoriaigoralexsander@gmail.com;11 96969-3659; Rua independência, 300, bloco: 5, AP:14 - Paraisópolis, São Paulo - SP;São Paulo;SP;05664-015;79;;"Patologia: Epilepsia refratária
"
Ingride de Araujo Guillen;520.353.792-53;1990-11-27;feminino;goretearaujoguillen@gmail.com;+55 69 99215-7989;Rua Monalisa, 5748 - Cunha;Porto Velho;RO;76824-400;;;
Isabela Andrade Rodrigues Velez;225.165.117-95;2011-09-27;feminino;elaandrade7@gmail.com;+55 21 98643-6883;Avenida Jarbas de Carvalho, N°1440 - AP 501 - Recreio dos Bandeirantes;Rio de Janeiro;RJ;22795-445;;;
Isabela Vital Mascarello;150.727.747-40;2007-07-11;feminino;wilzavital@gmail.com;27 99909-7690;Rua Antonio dos Santos, N°27 - Maruipe;Vitória;ES;29043-032;;;
Isabella Oliveira de Melo;313.736.048-08;1984-07-26;feminino;bellameloh@gmail.com;(11) 93803-5599;Estrada dos Pinhos, 30;São Paulo;SP;13233-553;85;174;Quadro Depressivo (CID F32) / Transtorno de personalidade (CID F60.3) / TEA
Isadora Magalhaes Neves;488.854.408-51;2014-02-05;feminino;tirza-m@gmail.com;+55 14 99682-2171;Rua Sete de Setembro, 331, Ap 102 - Boa Vista;Marilia;SP;17501-560;;;
Jadh Vitória Sampaio Santos;167.635.946-07;2018-01-10;feminino;susampaio11@gmail.com;(38) 9194-0864;RUA ESTHER NOVAES ROCHA 95 CSSANTA CRUZ;Janaúba;MG;39447-456;;;
Jhonatha de Souza Alves;444.878.638-21;2008-05-29;masculino;Adri-ana.souza@hotmail.com;13 988167426;Rua idinal de Oliveira teteo 45 - Guarujá SP;Guarujá;SP;11451-185;;;
Joaquim Celidonio Gomes dos Reis;134.398.798-95;;masculino;;11 98568-0025;Av. Nova Independencia - Brooklin Novo N°1010;São Paulo;SP;04570-001;;;
José Eduardo Batista Alves;140.739.777-09;2008-01-28;masculino;anapaulabatistadossantos3@gmail.com;27 99616-4544;Afonso Cláudio/ES;Espirito Santo;ES;29600-000;;;
José Tomaz Gomes da Silva Filho;165.113.954-72;;masculino;alinemarques0891@gmail.com;(81) 99225-7181;Rua PRF Pedro Augusto Carneiro Leão, N°387 – Recife-PE;Recife;PE;51160-210;;;
Kaique Silva dos Santos;192.642.177-97;2016-03-05;masculino;mikaellapancieremikaps@gmail.com;(27) 99842-6526;Rua Manoel de abreu,25 santos Dumont;Vila Velha;ES;29109-460;47;;"Paralisia cerebral
Microcefalia congênita de Zika vírus"
Karen Lemos de Souza;107.693.025-56;2016-02-11;feminino;edina.k.ulia@gmail.com;27 99840-1100;Rua Itamarati, 273 - Dom Bosco - Cariacica/ES;Cariacica;ES;29147-367;;;
Karla Francine Moreira de Jesus da Costa;096.338.057-59;;feminino;analumjc@gmail.com;+55 11 99985-2320;Rua Cachoeiro de Itapemirim Quadra 11 n 40 - Marcílio de Noronha;Viana;ES;29135-533;;;
Katia de Camargo Gomes Pontes;306.860.188-69;1980-04-28;feminino;katiacamargo2204@gmail.com;11 96149-1413;Rua Cornélio de Arzão, 205, Ap 29, Condominio Vila Rica - Jardim Miriam - São Paulo/SP;São Paulo/SP;SP;08140-550;;;
Katia Kelle Pereira Souza Silles;361.458.988-95;1988-12-26;feminino;katiakpss@hotmail.com;+55 11 94276-6737;Rua Professor Almeida Porto, 100;São Paulo;SP;04181-110;;;
Kauã Bruce José da Silva;025.076.265-00;2017-11-13;masculino;isamary_belmonte@yahoo.com.br;(11) 94831-3848;Rua Mafalda 715, Vila Formosa;São Paulo;SP;03377-010;;;
Kaua Cordeiro Baldon;204.648.527-06;2018-01-10;masculino;destefani18@gmail.com;(27) 99944-6246;Rua Sta Cruz, 200 - Vila Mariana;São Paulo;SP;04122-000;;;
Kauan Destefani Rigo de Oliveira;217.915.947-56;2019-08-17;masculino;destefani18@gmail.com;(27) 99745-8832;Rua Pedro Fregonassi, 29;Alfredo Chaves;ES;29240-000;18;104;
Khyra Anne Pereira Albuquerque da Silva Santos;599.041.038-79;2021-12-27;feminino;driellyanne13@gmail.com;13 99163-6754;Avenida Vicente de Carvalho 759 Jardim esplanada do castelo;Guarujá;SP;11470-120;;;"TEA
Utiliza: Risperidona, Melatonina e Canabidiol"
Larissa Cristina Araújo Santos;532.783.212-00;1995-05-22;feminino;larissacristinaa@gmail.com;+55 69 8115-4675;Avenida Rio de Janeiro, 1368, bairro areal;Porto Velho;RO;76804-308;;;
Laura Almeida Santos;477.000.868-69;2013-02-19;feminino;sandraalmeidas@gmail.com;+55 11 99579-1558;Rua Afonso Moreno,250 - JD Nova Belém;Francisco Morato;SP;07908-190;;;
Leandro Custódio Ribeiro da Silva;136.632.939-20;2014-03-20;masculino;custodiocrislaine244@gmail.com;+55 46 99912-7891;Rua Rio de Janeiro 32;Dois Vizinhos;PR;85660-000;;;
Lélia Janaina Araujo Matos Rocha;142.334.968-78;1974-05-04;feminino;leliajanayna1@gmail.com;11993804761;José Francisco Brandão 280;São Paulo;SP;08470-790;;;
Lena Lúcia Maia Guillen;048.232.062-15;;feminino;leninhal2@yahoo.com.br;69 9371-3979;Rua Dinamarca, 2247 Porto Velho Rondônia.;Porto Velho;RO;76801-562;72;157;
Leonardo Sobral Navarro;246.836.428-75;1977-01-22;masculino;lnavarro@lsn.adv.br;+55 11 98105-1686;R ECA DE QUEIROZ 446 AP 33;São Paulo;SP;04011-032;;;
Levi Madureira Lavarda;102.765.061-97;2019-08-08;masculino;madureiradk@gmail.com;(65) 9953-3908;RUA DAS ROSAS 240 S 240;Sapezal;MT;78365-000;27;111;Transtorno do Espectro Autista - CID 10 F84, considerando o novo CID 11 6A02.
Lorena Leão dos Santos;488.064.858-22;2014-04-24;feminino;riquelileaodesouza@gmail.com;11 95211-2318;R ORLANDO DE MORAIS FARIA 39;São Paulo;SP;08111-550;;;
Lourane Lira Cintra;159.176.268-55;;feminino;louranelc@hotmail.com;13 99782-6202;Rua Prof. Waldery de Almeida, 424 - Jardim Progresso - Guarujá/SP -;Guarujá;SP;11453-020;;;
Lucas Soares Marinho Ribeiro;318.624.568-01;1990-11-10;masculino;silviatikita@yahoo.com.br;11 99863-5401;Avenida Senador Sen Vitorino Freire, 180;São Paulo;SP;04423-000;;;
Lucas Woeffel Rodrigues;131.384.657-06;2003-03-27;masculino;alessandrawoelffel94@gmail.com;27 99991-3607;Rua Benjamin Constant, 4 - Itaquari - Cariacica/ES;Cariacica;ES;29140-000;;;
Lucca Fraga Scatolin;564.619.498-95;2012-06-16;masculino;ana.scatolin@tcs.com;11 98469-6800;Al. Itapecuru, 214, bloco 2, ap 14 - Barueri/SP;Barueri;SP;06454-080;;;
Luigi Batista Bardazzi;492.802.888-06;2012-03-09;masculino;divabardazzi@gmail.com;11 98068-2686;Rua Francisco Vaz Coelho, 433 - Vila Lavínia - Mogi das Cruzes/SP;Mogi das Cruzes;SP;08735-440;;;
LUÍS CLÁUDIO DA SILVA MORAES;817.140.847-87;;masculino;kakamoraesoficial@gmail.com;11 99444-8880;"Rua Asdrúbal do Nascimento 108
Apt:64";São Paulo;SP;01316-030;;;
Luiz Felipe Benevides Alves;087.267.333-23;2015-09-29;masculino;30dbdutra@gmail.com;+55 8589948007;Rua das flores, 11 - Tabuba;Caucaia;CE;61618-750;72;148;Epilepsia de difícil controle (G40) e Transtorno do Espectro Autista (F84) e APLV com alergias múltiplas.
Luiz Felipe Ribeiro da Silva;109.954.899-39;2010-05-21;masculino;blublu988@gmail.com;44 9973-2799;Av. 15 de novembro, 1588;São Carlos do Ivai;PR;87770-000;;;
Lunna de Souza Garcia;213.107.387-93;2002-10-21;feminino;lumarrifestas@outlook.com;+55 27 99702-6405;Rua arinas número 39;Eldorado;ES;29169-440;;;
Maia Vitoria Marcelino Vieira;155.997.717-50;2009-05-28;feminino;m12547@gmail.com;+55 27 99642-1007;Rua Angelina Bortolotti 15;Viana;ES;29135-189;;;
Marcos Vinicios de Melo Viana;159.646.627-81;2009-09-14;masculino;maemaria736@gmail.com;(21) 99939-3143;Rua Barão de Leopoldina, número 59, Flecheiras;Guapimirim;RJ;25941-560;;;
Maria Butscher;100.179.658-61;;feminino;;11 98937-0738;Rua Leonardo Cerveira Varandas, N°50, Paraíso do Morumbi;São Paulo;SP;05705-270;;;
Maria Eduarda Ambrósio Simoura;202.867.747-39;2017-10-23;feminino;simplismenteniely@gmail.com;27 99768-6370;Rua Teolândia, 42B-Quadra112/Cobilândia-Vila Velha-ES;Vila Velha;ES;29111-625;;;
Maria Laura Alves Carvalho;073.988.701-75;2015-03-27;feminino;ggpamela27@gmail.com;+55 65 99328-9807;Rua são simão 37 casa 01 - SÃO SEBASTIÃO;Cuiabá;MT;78098-260;;;
Maria Vitória Barbosa;089.999.073-84;2017-05-28;feminino;tatianamoreirat26@gmail.com;(86) 9549-6861;Loteamento flor de lis, Q-7, 41 - Vila São José;Pedro II;PI;64255-000;;;
Mariana de Melo Balbino;134.298.317-33;1991-01-09;feminino;mbalbino70@gmail.com;(21)9.8398-2697;Rua córrego Danta,15 Guaratiba;Rio de Janeiro;RJ;23026-500;;;
Mariana Nunes Letieri;027.024.491-31;1987-08-21;feminino;marianaletieri@hotmail.com;62 9445-8125;"Rua Maria Alice, Q. 63, L. 5/10, N. 221, ap 1703-B,
BLOCO - TORRE LIRIO, ED - RESIDENCIAL VIVA MAIS
PARQUE CASCAVEL - Vila Rosa - Goiânia/GO";Goiânia;GO;74345-290;;;
Marlene Soares de Sousa Brilhante;731.271.163-49;1975-12-04;feminino;marlenesbrilhante@hotmail.com;(85) 991881012;Rua Tete Bezerra, 1049;Pentecoste;CE;62640-000;;;
Mateus Galvão Dalolio;101.032.119-69;2011-11-14;masculino;ag7827932@gmail.com;44 9141-8928;Rua Engenheiro Reboucas, N°1033 - Quadra 30 Lote 17 - Tamboara-PR;Tamboara;PR;87760-000;;;
Mateus Rafael Nicolau de Sousa;586.389.938-70;2020-06-25;masculino;taisfsousa@yahoo.com.br;11 95322-9686;Expedicionário Antônio dos Santos Taboada, 338;Mogi Das Cruzes;SP;08752-080;;;
Matilde Maria Taddeo;692.897.358-72;;feminino;m-taddeo@gmail.com;+55 11 98561-6865;Rua Duarte de Carvalho, 185 ap 66 - Tatuapé;São Paulo;SP;03084-030;;;
Miguel Abreu Anon de Angelo;440.702.108-06;2010-12-20;masculino;anacarol.abreuanon@gmail.com;+55 11 97590-7053;R ARISTOPHANES CATALDO EBOLI 365, CASA 3 - VILA OLIVEIRA;Mogi das Cruzes;SP;08790-490;78;;
Miguel Augusto de Almeida Ribeiro;587.119.648-98;2020-07-31;masculino;deaquinoalmeidap@gmail.com;11 95916-1090;Rua José Wasth Rodrigues, 330 - Vila Maria;Mogi das Cruzes;SP;08740-480;21;112;
Miguel Barros de Amorim;586.898.168-52;2015-11-13;masculino;tbarros24@hotmail.com;11 96197-1860;Rua Paschoal Amendola,115 Alto do Ipiranga - Mogi das Cruzes - SP;Mogi das Cruzes;SP;08730-380;;;
Miguel Henrique Motta Martins;550.577.498-97;2015-02-17;masculino;jemotta1288@gmail.com;(11) 96260-7809;Av. Elvira, 519, Casa 2 - Jardim Medina, Poá;Poá;SP;08556-010;;;
Miguel Kramer Castro;215.209.837-43;2019-03-25;masculino;geisikramer@hotmail.com;27-998584443;Rua Marataizes, número 34, Condomínio Residencial Valparaíso, bloco H1 apto 101.;Serra;ES;29165-827;;;
Miguel Martins Sarmento de Oliveira;187.575.307-93;2019-06-03;masculino;flávianunesmartins@yahoo.com.br;27 99992-8887;Rua Pedro Álvares Cabral, 79 Bairro Alto Lage - Cariacica -Espírito Santo;Cariacica;ES;29151-080;;;
Miguel Veríssimo Souza;204.163.177-58;2017-08-12;masculino;rosyverissimoes@gmail.com;+55 27 99203-9160;RUA PERNAMBUCO 2, ARLINDO VILLASCHI;Viana;ES;29136-252;;;
Miriam Cristina Pontello Barbosa Lima;747.239.606-00;1971-04-20;feminino;miriam.pontello@gmail.com;31 9949-1700;Rua Palmira, 528, ap 302 - Serra - Belo Horizonte/MG;Belo Horizonte;MG;30220-110;75;161;Dor crônica intratável e miopatia mitocondrial.
Misael de Freitas Garcia;096.844.007-05;2015-10-24;masculino;rosifreitas1@hotmail.com;(27) 99806-3331;Rua José Jerônimo 03 Pitanga;Serra;ES;29169-782;;;
Moisés Henrique Moreira  Viana;609.259.193-65;2017-05-22;masculino;natalianatalia70089@gmail.com;(88) 98150-7144;Rua beija flor, nº9 - Graúna Cariacica;Vitória;ES;29154-649;;;
Murilo Evald Teixeira;202.910.887-16;2017-05-09;masculino;Dudanelzi@hotmail.com;27 99827-0132;Rua Altiva da Silva Bressiani, 53 - Primavera - Viana/ES;Viana;ES;29135-224;;;
Natan Rafael Nicolau de Sousa;560.128.598-56;2018-01-30;masculino;taisfsousa@yahoo.com.br;11 95322-9686;Expedicionário Antônio dos Santos Taboada 338;Jundiapeba, Mogi das Cruzes;SP;08752-080;;;
NHAIOBI RUIVO;936.985.260-34;1979-06-23;feminino;ruivodespachante@gmail.com;55 54 8118-7781;ANGELO BELLONI, 886. BAIRRO RIO BRANCO - CAXIAS DO SUL /RS.;CAXIAS DO SUL;RS;95097-370;;;
Nicholas Caetano Schmidtke Oliveira Lopes;196.621.017-56;2011-12-07;masculino;bianca_schmiss@yahoo.com.br;21 98693-8554;PRAÇA SAIQUI 145 APTO 401 VILA VALQUEIRE - RIO DE JANEIRO RJ;Rio de Janeiro;RJ;21330-320;;;
Nilton Tenório da Silva Guedes;274.551.668-00;2007-01-12;masculino;adrianatenorio2011@gmail.com;(11) 98224-5064;RUA CAPOABA N 84 - PARQUE BOA ESPERANÇA - SÃO PAULO;São Paulo;SP;08341-230;;;
Osmar Adelino;193.891.169-53;;masculino;;47 9911-1200;Rua Monsenhor Gercino, N°3450 - João Costa;Joinville;SC;89209-403;;;
Otavio Rico Vilela;422.019.898-93;2006-01-18;masculino;vanessarp041@gmail.com;11 97095-5088;Rua Capitão José Galo, 490, Centro, Ribeirão Pires -SP;Ribeirão Pires;SP;09400-080;;;
Paulo Victor Soares Valotto;070.479.687-25;2007-02-22;masculino;luceliabonaldi@gmail.com;27 99887-5903;Rua Tadorna 16 - Novo Horizonte, Serra;Serra/ES;ES;29163-318;;;
Pedro Gabriel Silva Nogueira;491.686.508-17;2011-02-14;masculino;llourdynhha.2013@gmail.com;+55 11 99893-8769;Rua das palmeiras 29, Alvarenga;São Bernardo do Campo/SP;SP;09856-430;;;
Pedro Neves Pereira;517.053.748-40;2011-03-15;masculino;SORAYA.SEVEN@HOTMAIL.COM;11 96330-8907;R MTO BENEDITO OLEGARIO BERTI, 00268 BL;Mogi das Cruzes;SP;08737-290;;;
Pietro Tavares Santos;556.034.968-27;2010-11-08;masculino;conceicaoflademir@gmail.com;11 99328-2576;Rua Francisco de Alberto Neves, N°74 - Jd Pres Kennedy;Embu das Artes;SP;06823-530;;;
Pyetro Estevão Freitas;204.694.077-60;2018-01-05;masculino;prisciladsestevao@hotmail.com;+55 27 98107-4615;Rua Atalaia 29;Vila Velha;ES;29115-164;;;
Rafaela Carolina Batista;474.225.248-98;1997-01-25;feminino;rafaelacarolinabatista@gmail.com;+55 13 99606-9248;Rua Cora Coralina, 364;Praia Grande;SP;11717-390;;;
Ramon Luiz Santos Souza;138.275.987-88;2005-03-13;masculino;andreiafelixsamoura@gmail.com;+55 27 98153-6273;José Firme Número. 07 Bela Aurora;Cariacica;ES;29141-505;;;
Renata Silva Rocha;008.318.961-08;1984-03-21;feminino;renatinharsr286@gmail.com;64 9285-8050;Rua RC, QD 18, LT 05 - Residencial Canaã - Rio Verde/GO;Rio Verde;GO;75909-725;;;
Ricardo Pereira Garcia Filho;213.107.607-05;2009-11-25;masculino;lumarrifestas@outlook.com;+55 27 99702-6405;Rua arinas número 39;Eldorado;ES;29169-440;;;
Rillari Sophia Fehlberg dos Santos;179.701.577-00;2013-12-21;masculino;fehlberg1976@gmail.com;27 99989-8714;Rua Emídio Ferreira Sacramento 1162 - Residencial Ulisses Álvares apto 102 - Ataide - Vila velha/ES;Vila Velha;ES;29119-030;;;
Roberto Alfonso Cericola Neto;535.273.318-16;2010-11-02;masculino;joselisilva618@gmail.com;11 93011-0308;Rua Edgar Amorim Amaral número 95 casa 1, São Paulo- SP;São Paulo;SP;04348-030;;;
Rodrigo Pereira Dos Santos Filho;547.481.558-17;2018-04-03;masculino;joselisilva618@gmail.com;(13) 98852-9511;Travessa Trezentos e Noventa e Três 22 - Morrinhos;Guarujá;SP;11495-206;;;
Ruth Gomes de Lemos;138.165.067-80;2007-04-09;masculino;raquelgomesdelemos@gmail.com;+55 27 99814-5317;Rua Celso Rodrigues 17 Cariacica sede;Cariacica;ES;29156-155;;;
Ryan Borges da Silva Santos;528.249.728-07;2017-01-01;masculino;daisyreisluiz76@gmail.com;11 91676-2040;Avenida Sebastião Eugênio de Camargo, 100;São Paulo;SP;05360-010;;;
Ryan Cardoso Lima;535.319.548-57;2017-09-23;masculino;lariryan17@gmail.com;+55 11 95991-3422;Rua vereador Sebastião de Jesus Soares , 127 Casa 3 - Vila Jurema;Ferraz de Vasconcelos;SP;08542-070;;;
Ryan Erly Santos Souza;149.779.757-82;2008-07-14;masculino;andreiafelixsamoura@gmail.com;+55 27 98153-6273;José Firme Número. 07 Bela Aurora;Cariacica;ES;29141-505;;;
Samuel Carlos da Silva Eler;978.572.387-91;2013-05-11;masculino;elermarta@live.com;27 99514-8689;Rua Itamaraty N245 - Santa Cecília - Cariacica/ES;Cariacica;ES;29147-367;;;
Samuel Oliveira do Carmo;092.524.265-90;2016-12-18;masculino;evacristina_28@hotmail.com;(71) 98795-4938;Estrada do Arenoso 0, Res Sol Nascente 1 apto 102 bloco 15 - Nova Esperança;Salvador;BA;41402-090;;;
Samyra dos Santos Jardim;114.065.177-39;2000-01-12;feminino;mp.santos.jdim@gmail.com;+55 27 99944-7013;Rua Vicente vicentino número 28 bairro vila independência;Cariacica;ES;29148-685;;;
Simone Mendes Agrizzi Guidoni;043.798.667-50;1975-11-04;feminino;agrizziguidoni@gmail.com;(27) 99876-4177;Rua Delfinopolis, 631 Casa;Vila Velha;ES;29111-370;;;
Tais Felix de Sousa Maria;322.658.308-52;1993-04-23;feminino;taisfsousa@yahoo.com.br;(11) 95322-9686;Expedicionario Antonio dos Santos Taboada, 338 - Jundiapeba;Mogi das Cruzes;SP;08752-080;;;
Talita Detlinger;466.423.508-98;1996-03-28;feminino;cristina.rigobello@yahoo.com.br;11 98224-5522;Rua Romeu Mantovani, 112 - São Bernardo do Campo/SP;São Bernardo do Campo;SP;09725-480;;;
Tatiana Mota Barbosa Ferreira;094.323.387-97;1983-11-03;feminino;;21 99119-2100;Rua Itacema 313 apt 101 - Itaim Bibi;São Paulo SP;SP;04530-051;;;
Thales Rafael Celestino Duarte;537.764.848-02;2014-09-09;masculino;darlenecelestino5@gmail.com;11 97064-7329;Rua professor Paulo Ferrari Massaro, 860 Vila Lavinia;Mogi das Cruzes;SP;08735-530;;;
Vitor Daniel Oliveira de Souza;129.730.354-73;2014-01-05;masculino;jesisleneoliveira1@gmail.com;+55 11 95466-9343;Rua João Alves Duarte, 275;Mauá;SP;09322-220;;;
Walter Roberto de Freitas ;43191625879;2002-01-11;masculino;betofreitas53@gmail.com;(17) 99627-1950;R ANGELO CAL 300 QUADRA 2 LOTE 17 JARDIM MOYSES MIGUEL HADDAD;São Paulo;SP;15093-110;25;150;Dor crônica
William de Jesus Borges Oliveira;515.272.158-90;2010-04-22;masculino;borgesfj27@gmail.com;11 96743-7933;Erechim ,124 casa 1 - Jd da luz / Embu das Artes;Embu das Artes;SP;06824-120;;;
Youssef Rahman Ansare;579.874.238-58;2019-12-04;masculino;yuriansare081@gmail.com;11 99977-3256;Rua das FLORES 55 AP 63;São Bernardo do Campo;SP;09726-310;;;
Yuri da Cruz Torezani;202.854.147-47;2015-02-13;masculino;bambinardc@gmail.com;27 99718-5286;Rua Messias Gonçaleves Correia - Nossa Senhora da Penha 111 - Vila Velha - ES;Vila Velha;ES;29110-080;;;
Yussuf Bin Farid Pechliye;517.927.068-55;2016-09-28;masculino;faridbinali@hotmail.com;+55 11 98603-0123;Rua Júlia Ivak, 46 - Vila Euclides;São Bernardo do Campo/SP;SP;09725-710;;;